id,first_name,last_name,email,gender,ip_address,city,country,user_name,second_email
1,Elicia,Wolverson,ewolverson0@sciencedirect.com,Female,,Korczyna,Poland,ewolverson0,
2,Mala,Hourihan,mhourihan1@amazonaws.com,Female,207.221.57.251,Beverwijk,Netherlands,mhourihan1,mhourihan1@diigo.com
3,Dewitt,Hearons,dhearons2@kickstarter.com,Male,47.187.182.9,Nadi,Fiji,dhearons2,
4,Dal,Berrisford,dberrisford3@e-recht24.de,Male,168.214.72.41,Marechal Deodoro,Brazil,dberrisford3,
5,Karalee,Martinon,kmartinon4@seesaa.net,Female,217.188.98.149,,Japan,kmartinon4,
6,Quinta,Lanktree,qlanktree5@examiner.com,Female,244.200.49.175,Hougang,China,qlanktree5,
7,Bertie,Millar,bmillar6@omniture.com,Female,110.202.130.166,Severnyy,Russia,bmillar6,
8,Tades,Labrone,tlabrone7@amazonaws.com,Male,220.240.214.222,Bagangan,Indonesia,tlabrone7,
9,Nico,Seeler,nseeler8@thetimes.co.uk,Male,24.151.147.122,,Poland,nseeler8,
10,Sigismund,Burrett,sburrett9@last.fm,Male,,Hutag,Mongolia,sburrett9,
11,Paige,Sunnucks,psunnucksa@berkeley.edu,Female,,Libog,Philippines,psunnucksa,
12,Suzette,Baudain,sbaudainb@dailymotion.com,,143.159.66.66,,China,sbaudainb,
13,Hali,McNaughton,hmcnaughtonc@wikipedia.org,Female,247.228.255.82,Chaoyang,China,hmcnaughtonc,
14,Kirstyn,Hugueville,khuguevilled@independent.co.uk,Female,204.2.118.226,,Yemen,khuguevilled,
15,Michaelina,Cyster,mcystere@shop-pro.jp,Female,172.143.0.108,,Russia,mcystere,
16,Cairistiona,Nolder,cnolderf@cloudflare.com,Female,233.63.26.205,Stavropol’,Russia,cnolderf,cnolderf@usatoday.com
17,Euell,Bonde,ebondeg@fotki.com,Male,240.38.165.228,Guadalupe,Mexico,ebondeg,
18,Marlane,McCallam,mmccallamh@weebly.com,,,,Peru,mmccallamh,mmccallamh@mail.ru
19,Meris,Kenningham,mkenninghami@w3.org,Female,55.210.6.185,,Cambodia,mkenninghami,
20,Tiebout,McEnhill,tmcenhillj@indiatimes.com,Male,24.86.150.109,Canguçu,Brazil,tmcenhillj,
21,Alia,Yerson,ayersonk@mysql.com,Female,108.119.110.72,,Philippines,ayersonk,
22,Jareb,Kernaghan,jkernaghanl@shareasale.com,Male,98.120.57.75,,Senegal,jkernaghanl,
23,Vern,Summerlad,vsummerladm@privacy.gov.au,,208.224.159.249,Itaperuna,Brazil,vsummerladm,
24,Caryl,Banbury,cbanburyn@simplemachines.org,Male,210.212.144.26,Czerwieńsk,Poland,cbanburyn,cbanburyn@imgur.com
25,Elvis,Brimblecomb,ebrimblecombo@unicef.org,Male,,Sannikovo,Russia,ebrimblecombo,
26,Cally,Nickolls,cnickollsp@tripod.com,,117.136.117.77,Kozova,Ukraine,cnickollsp,cnickollsp@tinyurl.com
27,Kahlil,Hardwell,khardwellq@state.gov,Male,22.220.41.50,,Poland,khardwellq,
28,Starlin,Vicker,svickerr@merriam-webster.com,Female,21.75.200.226,Sandaotong,China,svickerr,
29,Kathryn,O'Cahey,kocaheys@npr.org,Female,194.53.45.135,Pingyi,China,kocaheys,
30,Nyssa,Brownbill,nbrownbillt@google.co.uk,,243.79.109.209,,Indonesia,nbrownbillt,
31,Deeyn,Lepope,dlepopeu@multiply.com,Female,105.127.23.45,,Nigeria,dlepopeu,
32,Kelley,Tessington,ktessingtonv@dion.ne.jp,,78.237.158.53,Thomassique,Haiti,ktessingtonv,
33,Vikky,Pendrill,vpendrillw@parallels.com,Female,209.62.113.14,,Uzbekistan,vpendrillw,
34,Obadias,Alesio,oalesiox@dagondesign.com,Male,86.233.211.199,Kirove,Ukraine,oalesiox,
35,Kristy,Birds,kbirdsy@ca.gov,Female,108.113.4.232,Kuytun,Russia,kbirdsy,
36,Brent,Shirtcliffe,bshirtcliffez@gravatar.com,Male,106.195.41.179,Cuevas,Philippines,bshirtcliffez,bshirtcliffez@sciencedirect.com
37,Gwendolin,Rubee,grubee10@technorati.com,,121.77.124.179,Sharïngol,Mongolia,grubee10,grubee10@about.me
38,Buck,Howe,bhowe11@bravesites.com,Male,128.84.217.33,Calatrava,Philippines,bhowe11,
39,Britteny,Sanper,bsanper12@dot.gov,Female,229.152.122.220,Bungtiang Barat,Indonesia,bsanper12,bsanper12@prlog.org
40,Rocky,Hebbes,rhebbes13@blinklist.com,,34.101.127.70,,Syria,rhebbes13,
41,Katina,Blundon,kblundon14@aol.com,Female,44.71.1.62,Posedarje,Croatia,kblundon14,
42,Eba,Beagley,ebeagley15@sphinn.com,Female,132.149.119.209,,Czech Republic,ebeagley15,
43,Perceval,Schoular,pschoular16@paginegialle.it,Male,219.157.109.176,Shatki,Russia,pschoular16,
44,Julieta,Deaves,jdeaves17@house.gov,Female,51.96.19.116,Chư Ty,Vietnam,jdeaves17,
45,Cybill,Cron,ccron18@google.fr,,117.20.175.121,Khawrah,Yemen,ccron18,
46,Amalea,Wethey,awethey19@vkontakte.ru,Female,17.203.255.47,,Colombia,awethey19,
47,Kimbra,Rushford,krushford1a@digg.com,Female,,,Haiti,krushford1a,krushford1a@cisco.com
48,Reinhold,Clingan,rclingan1b@fda.gov,Male,,Ban Dan,Thailand,rclingan1b,
49,Thain,Orum,torum1c@soup.io,Male,105.68.178.138,Khosta,Russia,torum1c,
50,Elane,Massimo,emassimo1d@nytimes.com,Female,119.55.242.187,,Japan,emassimo1d,
51,Emile,Rickets,erickets1e@xing.com,Male,79.253.137.95,Mariel,Cuba,erickets1e,
52,Sam,Skyme,sskyme1f@1688.com,Male,238.102.204.164,Mikhaylovsk,Russia,sskyme1f,
53,Gabbi,McGloughlin,gmcgloughlin1g@fastcompany.com,Female,134.14.132.141,Kelasuri,Georgia,gmcgloughlin1g,
54,Waverley,Murney,wmurney1h@nbcnews.com,Male,162.36.230.156,Witbank,South Africa,wmurney1h,
55,Lanie,Castagnasso,lcastagnasso1i@mysql.com,Female,85.7.69.219,Tanumshede,Sweden,lcastagnasso1i,
56,Toby,Dufaur,tdufaur1j@google.co.uk,Female,132.26.243.105,,Russia,tdufaur1j,tdufaur1j@prlog.org
57,Tripp,Thurbon,tthurbon1k@chron.com,Male,68.133.216.171,Velká Dobrá,Czech Republic,tthurbon1k,
58,Benedict,Joyner,bjoyner1l@earthlink.net,,228.98.215.64,Shanglian,China,bjoyner1l,
59,Jacynth,Minillo,jminillo1m@go.com,Female,8.141.21.24,Pisões,Portugal,jminillo1m,
60,Terence,Laudham,tlaudham1n@facebook.com,Male,43.28.112.111,Dongchong,China,tlaudham1n,
61,Maure,Oty,moty1o@google.cn,Female,205.83.218.73,,Belarus,moty1o,
62,Persis,Ocklin,pocklin1p@biblegateway.com,Female,8.23.19.105,,Indonesia,pocklin1p,
63,Randal,Willerton,rwillerton1q@reverbnation.com,Male,126.56.82.148,Kosiv,Ukraine,rwillerton1q,
64,Skipton,Georgiev,sgeorgiev1r@miitbeian.gov.cn,,16.197.188.180,Granada,Colombia,sgeorgiev1r,sgeorgiev1r@pinterest.com
65,Heath,Madders,hmadders1s@smh.com.au,Male,69.72.72.254,,China,hmadders1s,
66,Christiano,Bostick,cbostick1t@hp.com,Male,34.211.25.229,,Philippines,cbostick1t,
67,Ganny,Berntssen,gberntssen1u@networkadvertising.org,,213.31.144.170,Delray Beach,United States,gberntssen1u,
68,Rafferty,Gozzard,rgozzard1v@wufoo.com,Male,239.16.173.173,Juncheng,China,rgozzard1v,
69,Buck,Lincke,blincke1w@unesco.org,,189.167.64.172,Xinbei,China,blincke1w,
70,Ellsworth,Aleixo,ealeixo1x@rakuten.co.jp,Male,16.182.54.67,Puerto Montt,Chile,ealeixo1x,
71,Kate,Farquar,kfarquar1y@wikipedia.org,Female,213.206.226.174,,China,kfarquar1y,
72,Ethelyn,Meneghi,emeneghi1z@webs.com,Female,99.34.35.37,,Peru,emeneghi1z,
73,Murial,Hachard,mhachard20@go.com,Female,,Bulan,Philippines,mhachard20,
74,Jobye,Beakes,jbeakes21@howstuffworks.com,Female,57.143.117.249,Dalubian,China,jbeakes21,
75,Cornie,Thornhill,cthornhill22@nifty.com,Female,27.206.143.135,Caracal,Philippines,cthornhill22,cthornhill22@geocities.com
76,Pamelina,Bris,pbris23@google.cn,Female,124.179.134.12,Fier,Albania,pbris23,
77,Tera,Yeude,tyeude24@oracle.com,,,,France,tyeude24,
78,Merle,Dodding,mdodding25@microsoft.com,Male,194.155.193.168,Yanping,China,mdodding25,
79,Chevalier,Roser,croser26@sciencedaily.com,,27.140.143.71,,Poland,croser26,
80,Gino,O'Sheeryne,gosheeryne27@cpanel.net,Male,2.75.44.216,,Poland,gosheeryne27,
81,Nevsa,Duligall,nduligall28@dagondesign.com,Female,8.126.79.154,Mirosławiec,Poland,nduligall28,
82,Rafaellle,Large,rlarge29@so-net.ne.jp,Male,148.110.129.233,,Poland,rlarge29,
83,Laurie,Vossgen,lvossgen2a@arizona.edu,Male,132.111.125.166,Krasnopillya,Ukraine,lvossgen2a,
84,Hervey,Nisuis,hnisuis2b@mashable.com,Male,84.255.109.95,Hörby,Sweden,hnisuis2b,
85,Jaine,Wealleans,jwealleans2c@google.de,Female,2.71.227.244,Haylaastay,Mongolia,jwealleans2c,
86,Doy,Bremen,dbremen2d@wp.com,Male,107.166.37.16,,Russia,dbremen2d,
87,Maurie,Beades,mbeades2e@hibu.com,Male,38.227.27.94,,Brazil,mbeades2e,
88,Bennett,Cheyenne,bcheyenne2f@last.fm,Male,218.162.163.101,,Philippines,bcheyenne2f,
89,Terry,Scirman,tscirman2g@google.ru,Male,,,China,tscirman2g,
90,Garth,Botham,gbotham2h@cloudflare.com,Male,35.82.183.255,,China,gbotham2h,
91,Cynthia,McVeighty,cmcveighty2i@mac.com,Female,117.217.114.185,,Ethiopia,cmcveighty2i,
92,Moses,Le Claire,mleclaire2j@vk.com,Male,47.231.82.185,Sandwīp,Bangladesh,mleclaire2j,
93,Sandy,Leckenby,sleckenby2k@bloglovin.com,Male,219.163.89.221,,Myanmar,sleckenby2k,
94,Pincus,Keady,pkeady2l@dyndns.org,Male,33.158.30.141,,United States,pkeady2l,
95,Wilmette,Draijer,wdraijer2m@cmu.edu,Female,7.208.236.176,Novoye Leushino,Russia,wdraijer2m,
96,Gigi,Gietz,ggietz2n@mac.com,Female,177.40.216.187,Mértola,Portugal,ggietz2n,
97,Salomi,Ference,sference2o@npr.org,Female,181.77.101.79,,Nepal,sference2o,
98,Dot,Pollastrino,dpollastrino2p@wikimedia.org,,197.30.233.167,,Haiti,dpollastrino2p,
99,Evan,Aust,eaust2q@de.vu,Male,227.183.162.16,,Indonesia,eaust2q,eaust2q@businessweek.com
100,Ellene,McNabb,emcnabb2r@hexun.com,Female,20.243.196.77,Pokój,Poland,emcnabb2r,